<?xml version="1.0" encoding="UTF-8"?>
<!-- Copyright 2014 Kitware, Inc. -->
<application>
 <id type="desktop">paraview.desktop</id>
 <metadata_license>CC-BY-4.0</metadata_license>
 <project_license>BSD</project_license>
 <description>
  <p>
   ParaView is an open-source, multi-platform data analysis and visualization
   application. ParaView users can quickly build visualizations to analyze
   their data using qualitative and quantitative techniques. The data
   exploration can be done interactively in 3D or programmatically using
   ParaView’s batch processing capabilities.
  </p>
  <p>
   ParaView was developed to analyze extremely large datasets using distributed
   memory computing resources. It can be run on supercomputers to analyze
   datasets of exascale size as well as on laptops for smaller data.
  </p>
 </description>
 <screenshots>
  <screenshot type="default" width="902" height="677">http://www.paraview.org/wp-content/uploads/2014/04/full_AlegraVV.png</screenshot>
  <screenshot width="812" height="468">http://www.paraview.org/wp-content/uploads/2014/04/seismic.jpg</screenshot>
  <screenshot width="940" height="661">http://www.paraview.org/wp-content/uploads/2014/04/full_PolarVortexBreakdown.png</screenshot>
  <screenshot width="875" height="700">http://www.paraview.org/wp-content/uploads/2014/04/full_hydrodynamic_simulation.png</screenshot>
  <screenshot width="902" height="609">http://www.paraview.org/wp-content/uploads/2014/04/0_full_Fire.png</screenshot>
 </screenshots>
 <url type="homepage">http://paraview.org</url>
 <updatecontact>paraview-developers@paraview.org</updatecontact>
</application>
