<ParaViewSources>
  <Category name="Annotation" menu_label="&amp;Annotation" preserve_order="1"
    show_in_toolbar="0">
    <Proxy group="sources" name="VectorText" />
    <Proxy group="sources" name="TimeToTextConvertorSource" />
    <Proxy group="sources" name="ArrowSource" />
    <Proxy group="sources" name="TextSource" />
  </Category>
  <Category name="DataObjects" menu_label="&amp;Data Objects" preserve_order="1"
    show_in_toolbar="0">
    <Proxy group="sources" name="AMRGaussianPulseSource" />
    <Proxy group="sources" name="DataObjectGenerator" />
    <Proxy group="sources" name="FastUniformGrid" />
    <Proxy group="sources" name="HierarchicalFractal" />
    <Proxy group="sources" name="HyperTreeGridSource" />
    <Proxy group="sources" name="ImageMandelbrotSource" />
    <Proxy group="sources" name="LiveProgrammableSource" />
    <Proxy group="sources" name="RandomHyperTreeGridSource" />
    <Proxy group="sources" name="RTAnalyticSource" />
  </Category>
  <Category name="GeometricShapes" menu_label="&amp;Geometric Shapes" preserve_order="1"
    show_in_toolbar="0">
    <Proxy group="sources" name="CubeSource" />
    <Proxy group="sources" name="ConeSource" />
    <Proxy group="sources" name="CylinderSource" />
    <Proxy group="sources" name="DiskSource" />
    <Proxy group="sources" name="LineSource" />
    <Proxy group="sources" name="OutlineSource" />
    <Proxy group="sources" name="PlaneSource" />
    <Proxy group="sources" name="PointSource" />
    <Proxy group="sources" name="PolyLineSource" />
    <Proxy group="sources" name="SphereSource" />
    <Proxy group="sources" name="SplineSource" />
    <Proxy group="sources" name="SuperquadricSource" />
  </Category>
  <Category name="MeasurementTools" menu_label="&amp;Measurement Tools" preserve_order="1"
    show_in_toolbar="1">
    <Proxy group="sources" name="Axes" omit_from_toolbar="1" icon=":/pqWidgets/Icons/pqAxes.png"/>
    <Proxy group="sources" name="Ruler" icon=":/pqWidgets/Icons/pqRuler.png"/>
  </Category>
  <Proxy group="sources" name="GlyphSource2D" />
  <Proxy group="sources" name="ProgrammableSource" />
  <Proxy group="sources" name="TimeSource" />
  <Proxy group="sources" name="UnstructuredCellTypes" />
</ParaViewSources>
